OverallQual,GrLivArea,GarageCars,LotArea,OverallCond,BedroomAbvGr,KitchenAbvGr,SalePrice
7,1710,2,8450,5,3,1,208500
6,1262,2,9600,8,3,1,181500
7,1786,2,11250,5,3,1,223500
7,1717,3,9550,5,3,1,140000
8,2198,3,14260,5,4,1,250000
5,1362,2,14115,5,1,1,143000
8,1694,2,10084,5,3,1,307000
7,2090,2,10382,6,3,1,200000
7,1774,2,6120,5,2,2,129900
5,1077,1,7420,6,2,2,118000
5,1040,1,11200,5,3,1,129500
9,2324,3,11924,5,4,1,345000
5,912,1,12968,6,2,1,144000
7,1494,3,10652,5,3,1,279500
6,1253,1,10920,5,2,1,157000
7,854,2,6120,8,2,1,132000
6,1004,2,11241,7,2,1,149000
4,1296,2,10791,5,2,2,90000
5,1114,2,13695,5,3,1,159000
5,1339,1,7560,6,3,1,139000
8,2376,3,14215,5,4,1,325300
7,1108,1,7449,7,3,1,139400
8,1795,2,9742,5,3,1,230000
5,1060,2,4224,7,3,1,129900
5,1060,1,8246,8,3,1,154000
8,1600,3,14230,5,3,1,256300
5,900,2,7200,7,3,1,134800
8,1704,3,11478,5,3,1,306000
5,1600,1,16321,6,2,1,207500
4,520,1,6324,6,1,1,68500
4,1317,1,8500,4,3,1,40000
5,1228,1,8544,6,3,1,149350
8,1234,2,11049,5,3,1,179900
5,1700,2,10552,5,4,1,165500
9,1561,2,7313,5,2,1,277500
8,2452,3,13418,5,4,1,309000
5,1097,2,10859,5,3,1,145000
5,1297,2,8532,6,3,1,153000
5,1057,1,7922,7,3,1,109000
4,1152,0,6040,5,2,2,82000
6,1324,2,8658,5,3,1,160000
5,1328,1,16905,6,2,1,170000
5,884,2,9180,7,2,1,144000
5,938,1,9200,6,3,1,130250
5,1150,1,7945,6,3,1,141000
9,1752,2,7658,5,2,1,319900
7,2149,2,12822,5,1,1,239686
8,1656,3,11096,5,3,1,249700
4,1452,0,4456,5,2,3,113000
5,955,1,7742,7,3,1,127000
6,1470,2,13869,6,3,1,177000
6,1176,2,6240,6,3,1,114500
5,816,2,8472,5,2,1,110000
9,1842,3,50271,5,0,1,385000
5,1360,2,7134,5,3,1,130000
6,1425,2,10175,5,3,1,180500
8,1739,2,2645,5,3,1,172500
7,1720,2,11645,5,3,1,196500
10,2945,3,13682,5,3,1,438780
5,780,1,7200,7,2,1,124900
6,1158,2,13072,5,3,1,158000
5,1111,1,7200,7,3,1,101000
8,1370,2,6442,5,2,1,202500
7,1710,2,10300,6,3,1,140000
7,2034,2,9375,5,3,1,219500
8,2473,3,9591,5,4,1,317000
7,2207,2,19900,5,3,1,180000
7,1479,2,10665,5,3,1,226000
4,747,1,4608,6,2,1,80000
7,2287,2,15593,4,3,1,225000
7,2223,2,13651,6,3,1,244000
4,845,2,7599,6,2,1,129500
7,1718,2,10141,5,3,1,185000
5,1086,2,10200,7,3,1,144900
3,1605,1,5790,6,3,2,107400
4,988,1,1596,5,2,1,91000
4,952,1,8475,7,2,1,135750
5,1285,1,8635,5,2,1,127000
4,1768,0,10778,5,4,2,136500
5,1230,2,10440,6,2,1,110000
6,2142,1,13000,6,4,1,193500
6,1337,2,4500,5,2,1,153500
8,1563,3,10206,5,3,1,245000
5,1065,2,8892,5,3,1,126500
7,1474,2,8530,5,3,1,168500
8,2417,2,16059,5,4,1,260000
6,1560,2,11911,5,3,1,174000
6,1224,2,3951,5,2,1,164500
3,1526,0,8470,2,2,1,85000
4,990,0,8070,5,3,1,123600
4,1040,2,7200,5,2,1,109900
5,1235,2,8500,3,2,1,98600
5,964,2,13360,7,2,1,163500
6,2291,2,7200,6,4,2,133900
6,1786,2,9337,5,3,1,204750
6,1470,2,9765,8,3,1,185000
7,1588,2,10264,5,3,1,214000
4,960,1,10921,5,3,1,94750
5,835,1,10625,5,2,1,83000
4,1225,0,9320,5,3,1,128950
6,1610,2,10603,7,3,1,205000
6,1732,2,9206,5,3,1,178000
5,1535,2,7018,5,4,2,118964
7,1226,3,10402,5,3,1,198900
7,1818,1,7758,4,4,1,169500
8,1992,2,9375,5,3,1,250000
4,1047,1,10800,7,2,1,100000
5,789,1,6000,5,2,1,115000
5,1517,0,8500,7,3,1,115000
6,1844,2,11751,6,3,1,190000
6,1855,1,9525,4,4,1,136900
7,1430,2,7750,5,3,1,180000
7,2696,3,9965,5,4,1,383970
6,2259,2,21000,5,3,1,217000
6,2320,1,7259,8,3,1,259500
6,1458,2,3230,5,2,1,176000
5,1092,1,11616,5,3,1,139000
5,1125,2,8536,5,2,1,155000
7,3222,3,12376,5,5,1,320000
6,1456,2,8461,5,3,1,163990
6,988,2,21453,5,1,1,180000
4,1123,1,6060,5,3,1,100000
6,1080,1,9464,7,3,1,136000
6,1199,2,7892,5,2,1,153900
6,1586,2,17043,5,3,1,181000
6,754,0,6780,8,2,1,84500
6,958,2,4928,5,2,1,128000
5,840,0,4388,7,3,1,87000
6,1348,2,7590,5,3,1,155000
5,1053,2,8973,7,3,1,150000
7,2157,2,14200,6,4,1,226000
6,2054,2,12224,5,3,1,244000
5,1327,2,7388,6,3,1,150750
8,1296,2,6853,5,2,1,220000
5,1721,2,10335,6,3,1,180000
7,1682,2,10400,6,3,1,174000
5,1214,1,10355,5,3,1,143000
7,1959,3,11070,5,5,2,171000
8,1852,3,9066,5,3,1,230000
6,1764,2,15426,5,3,1,231500
4,864,0,10500,5,3,1,115000
7,1734,2,11645,5,3,1,260000
5,1385,2,8520,4,4,1,166000
7,1501,2,10335,5,3,1,204000
5,1728,2,9100,5,6,2,125000
6,1709,2,2522,5,3,1,130000
5,875,1,6120,7,2,1,105000
7,2035,2,9505,5,3,1,222500
7,1080,0,7500,5,3,1,141000
5,1344,1,6240,4,3,1,115000
5,969,2,10356,6,3,1,122000
8,1710,3,13891,5,2,1,372402
6,1993,2,14803,5,4,1,190000
6,1252,2,13500,7,1,1,235000
6,1200,1,11340,5,4,1,125000
6,1096,0,9600,5,2,1,79000
5,1040,2,7200,7,2,1,109500
8,1968,3,12003,5,4,1,269500
7,1947,2,12552,5,3,1,254900
7,2462,2,19378,5,4,1,320000
6,1232,2,11120,6,3,1,162500
9,2668,3,13688,5,3,1,412500
7,1541,2,12182,5,3,1,220000
4,882,0,5500,6,1,1,103200
6,1616,1,5400,7,3,1,152000
5,1355,0,10106,7,4,2,127500
5,1867,1,10708,5,2,1,190000
8,2161,3,10562,5,3,1,325624
7,1720,2,8244,5,3,1,183500
8,1707,2,16669,6,2,1,228000
5,1382,2,12358,6,2,1,128500
6,1656,2,31770,5,3,1,215000
7,1767,2,5306,7,2,1,239000
6,1362,2,10197,5,3,1,163000
6,1651,2,12416,5,3,1,184000
6,2158,2,12615,7,4,1,243000
6,2060,2,10029,5,4,1,211000
5,1920,2,13650,5,4,1,172500
9,2234,3,17423,5,1,1,501837
5,968,2,8520,6,2,1,100000
6,1525,2,2117,5,3,1,177000
7,1802,1,7588,6,4,1,200100
5,1340,1,9060,6,3,1,120000
7,2082,2,11426,5,3,1,200000
5,1252,2,7438,8,3,1,127000
10,3608,3,22950,9,4,1,475000
7,1217,2,9947,5,3,1,173000
5,1656,1,10410,7,3,1,135000
5,1224,2,7018,5,2,2,153337
8,1593,2,4923,5,0,1,286000
8,2727,2,10570,8,3,1,315000
7,1479,2,7472,9,4,1,184000
7,1431,2,9017,5,3,1,192000
7,1709,2,2522,5,3,1,130000
5,864,1,7180,7,3,1,127000
6,1456,2,2280,6,3,1,148500
7,1726,3,9416,5,3,1,311872
8,3112,2,25419,4,4,1,235000
6,2229,0,5520,6,5,1,104000
8,1713,3,9591,5,3,1,274900
4,1121,2,8546,5,2,1,140000
6,1279,2,10125,6,3,1,171500
6,1310,1,7000,6,2,1,112000
6,848,2,4438,5,1,1,149000
5,1284,1,3500,7,2,1,110000
7,1442,2,11851,5,3,1,180500
5,1696,1,13673,5,3,1,143900
4,1100,1,12493,5,3,1,141000
7,2062,2,14364,5,3,1,277000
6,1092,2,8250,7,3,1,145000
5,864,0,5604,6,2,1,98000
6,1212,2,10420,5,3,1,186000
7,1852,2,8640,5,3,1,252678
5,990,2,13568,5,3,1,156000
6,1392,1,10900,7,3,1,161750
5,1236,1,10011,6,2,1,134450
7,1436,2,8450,5,3,1,210000
4,1328,1,9906,4,3,1,107000
7,1954,2,15660,9,3,1,311500
7,1248,2,3010,5,2,1,167240
7,1498,2,8990,5,2,1,204900
6,2267,2,8068,5,4,1,200000
6,1552,2,11475,6,3,1,179900
4,864,2,10500,6,2,1,97000
10,2392,3,13472,5,3,1,386250
5,1302,1,1680,5,3,1,112000
7,2520,3,9950,5,4,1,290000
6,987,1,1869,6,2,1,106000
5,912,1,8521,5,3,1,125000
7,1555,2,3182,5,2,1,192500
6,1194,1,8760,6,3,1,148000
8,2794,3,15138,5,4,1,403000
6,987,1,1680,5,2,1,94500
5,894,1,10650,6,3,1,128200
6,1960,2,7851,5,4,1,216500
6,987,1,1680,3,2,1,89500
7,1414,2,8773,5,3,1,185500
7,1744,2,9453,7,3,1,194500
8,1694,3,12030,5,3,1,318000
6,1487,1,8741,4,3,1,113000
8,1566,2,9000,5,3,1,262500
5,866,0,3880,9,2,1,110500
5,1440,1,5000,4,3,1,79000
6,1217,1,10762,6,3,1,120000
7,2110,2,8880,5,3,1,205000
7,1872,2,10400,5,3,1,241500
6,1928,1,9142,8,4,2,137000
6,1375,2,11310,5,2,1,140000
7,1668,2,11317,5,3,1,180000
6,2144,2,159000,7,4,1,277000
3,1306,0,5350,2,3,1,76500
8,1625,2,4750,5,2,1,235000
6,1640,2,8366,5,3,1,173000
6,1302,1,9350,7,3,1,158000
5,1314,1,8400,6,3,1,145000
7,2291,2,8738,5,4,1,230000
6,1728,2,8791,5,3,1,207500
7,1604,2,8814,5,3,1,220000
7,1792,2,12435,5,3,1,231500
5,882,1,12702,5,2,1,97000
6,1382,2,19296,5,3,1,176000
8,2574,3,9588,5,3,1,276000
6,1212,2,8471,7,3,1,151000
5,1316,2,5500,7,3,1,130000
5,764,2,5232,5,2,1,73000
6,1422,2,12090,6,3,1,175500
6,1511,2,11207,5,3,1,185000
5,2192,1,8400,8,4,1,179500
5,778,1,6900,6,2,1,120500
6,1113,1,7917,7,3,1,148000
8,1939,3,10728,5,3,1,266000
7,1363,2,39104,7,2,1,241500
8,2270,3,11764,7,4,1,290000
6,1632,1,9600,6,3,1,139000
5,816,1,8314,7,2,1,124500
7,1548,2,7264,7,3,1,205000
7,1560,2,9196,5,3,1,201000
4,864,2,19138,5,2,1,141000
9,2121,3,14450,5,3,1,415298
7,2022,2,10005,5,4,1,192000
7,1982,2,11287,6,3,1,228500
6,1262,2,7200,5,2,1,185000
7,1314,2,5063,5,2,1,207500
8,1468,3,9612,5,3,1,244600
6,1575,2,8012,5,2,1,179200
7,1250,2,4251,5,2,1,164700
6,1734,2,9786,7,3,1,159000
4,858,0,8125,4,3,1,88000
5,900,1,9819,5,3,1,122000
6,1396,1,8730,7,3,1,153575
8,1919,2,15611,5,3,1,233230
5,1716,0,5687,6,6,1,135900
5,1716,1,11409,4,3,1,131000
7,2263,2,16659,7,3,1,235000
6,1644,2,9600,5,3,1,167000
6,1003,2,7937,6,3,1,142500
5,1558,1,13710,5,4,1,152000
7,1950,2,7399,5,3,1,239000
6,1743,2,11700,6,3,1,175000
6,1152,1,14000,8,3,1,158500
5,1336,1,15750,5,2,1,157000
8,2452,2,16226,5,4,1,267000
7,1541,3,13704,5,3,1,205000
5,894,2,9800,7,3,1,149900
7,3493,3,18386,9,3,1,295000
8,2000,3,10386,5,3,1,305900
7,2243,3,13474,5,4,1,225000
6,1406,0,7920,7,3,1,89500
4,861,2,12342,5,1,1,82500
9,1944,3,12378,5,3,1,360000
6,1501,2,7685,5,3,1,165600
6,972,1,8000,6,2,1,132000
5,1118,2,7800,7,3,1,119900
7,2036,2,215245,5,3,1,375000
7,1641,2,9600,7,3,1,178000
7,1432,2,7795,5,3,1,188500
7,2353,2,13005,7,4,1,260000
8,1959,3,9000,5,3,1,270000
7,2646,3,9900,5,4,1,260000
7,1472,2,14115,5,3,1,187500
9,2596,3,16259,5,4,1,342643
8,2468,3,12099,5,4,1,354000
7,2730,2,10380,5,4,1,301000
3,1163,1,5820,8,3,1,126175
7,2978,2,11275,7,5,1,242000
5,803,2,5000,6,2,1,87000
8,1719,2,10846,5,1,1,324000
6,1383,1,11600,5,3,1,145250
6,2134,2,11888,6,5,1,214500
5,1192,1,6402,5,3,1,78000
5,1728,1,10624,4,6,2,119000
5,1056,1,8176,6,3,1,139000
8,1629,3,10655,5,3,1,284000
7,1358,2,8198,5,2,1,207000
6,1638,2,9042,5,3,1,192000
5,1786,2,164660,6,3,1,228950
9,1922,3,14157,5,3,1,377426
7,1536,2,9135,5,3,1,214000
7,1621,2,14145,7,3,1,202500
6,1215,1,12400,7,3,1,155000
8,1908,2,14191,5,4,1,202900
4,841,1,8400,4,2,1,82000
3,1040,2,8544,4,2,2,87500
9,1684,2,8849,5,2,1,266000
5,1112,1,2592,3,3,1,85000
6,1577,1,6435,5,3,1,140200
6,958,1,12772,8,2,1,151500
6,1478,2,17600,5,3,1,157500
7,1626,2,2448,5,2,1,154000
9,2728,3,20431,5,4,1,437154
9,1869,2,7820,5,2,1,318061
7,1453,2,5271,5,2,1,190000
5,1111,1,9084,6,3,1,95000
6,720,2,8520,8,2,1,105900
6,1595,1,8400,5,2,1,140000
6,1200,2,11249,5,3,1,177500
6,1167,2,9248,6,3,1,173000
5,1142,2,4224,5,3,1,134000
5,1352,1,6930,4,3,1,130000
8,1924,2,12011,5,3,1,280000
6,912,2,7540,6,2,1,156000
5,1505,1,9144,5,3,1,145000
7,1922,2,7301,5,4,1,198500
6,987,1,1680,8,2,1,118000
6,1574,2,18800,5,3,1,190000
5,1344,1,10690,7,3,1,147000
6,1394,2,9500,5,3,1,159000
6,1431,1,9150,5,3,1,165000
5,1268,1,7800,6,2,1,132000
5,1287,2,9830,7,3,1,162000
6,1664,2,8121,5,3,1,172400
4,1588,2,17120,4,4,1,134432
6,752,1,7175,5,2,1,125000
5,1319,1,10634,6,3,1,123000
7,1928,2,8200,5,4,1,219500
1,904,0,10020,1,1,1,61000
5,914,2,8846,5,2,1,148000
8,2466,2,11143,5,4,1,340000
9,1856,3,11394,2,1,1,394432
6,1800,2,8123,5,3,1,179000
5,1691,1,5000,6,3,1,127000
7,1301,2,7200,5,2,1,187750
7,1797,2,9245,5,3,1,213500
6,784,2,9000,3,2,1,76000
6,1953,2,53107,5,3,1,240000
8,1269,2,3182,5,2,1,192000
5,1184,0,8410,3,5,1,81000
6,1125,1,7200,6,3,1,125000
7,1479,2,9382,5,3,1,191000
10,2332,3,12474,5,3,1,426000
5,1367,1,8405,8,4,1,119000
6,1961,2,12209,5,3,1,215000
5,882,1,8339,7,3,1,106500
4,788,0,7446,5,2,1,100000
5,1034,1,10134,6,2,1,109000
5,1144,1,9571,6,3,1,129000
5,894,2,7200,5,2,1,123000
5,1812,1,7590,5,4,1,169500
5,1077,1,8967,2,2,1,67000
7,1550,2,8125,5,2,1,241000
8,1288,2,14963,5,1,1,245500
7,1310,2,8767,5,3,1,164990
5,672,1,10200,8,2,1,108000
8,2263,2,12090,5,4,1,258000
6,1572,2,10364,5,3,1,168000
4,1620,2,9991,4,3,1,150000
6,1639,1,10480,5,3,1,115000
6,1680,1,15576,7,4,1,177000
7,2172,3,14154,5,3,1,280000
8,2078,3,10800,5,3,1,339750
5,1276,1,9571,3,3,1,60000
5,1056,2,34650,5,3,1,145000
7,1478,2,4403,5,2,1,222000
5,1028,2,8960,6,2,1,115000
7,2097,3,11228,5,3,1,228000
7,1340,2,8899,5,3,1,181134
6,1400,2,7844,7,3,1,149500
6,2624,3,22420,6,4,1,239000
5,1134,1,8160,6,3,1,126000
5,1056,1,8450,6,3,1,142000
7,1344,4,7060,5,2,2,206300
6,1602,2,16635,7,3,1,215000
5,988,2,21750,5,2,1,113000
8,2630,3,9200,5,4,1,315000
6,1196,1,9000,5,2,1,139000
7,1389,1,3378,8,3,1,135000
7,1644,2,12800,5,2,1,275000
4,907,1,8593,6,3,1,109008
7,1208,2,6762,5,2,1,195400
6,1412,2,11457,5,3,1,175000
6,987,1,1680,5,2,1,85400
6,1198,0,5586,7,4,1,79900
5,1365,2,1920,5,2,1,122500
6,1604,2,10839,5,3,1,181000
4,630,0,1890,7,1,1,81000
7,1661,2,10667,6,3,1,212000
6,1118,2,4400,8,2,1,116000
6,904,1,6000,7,2,1,119000
5,694,1,4280,6,2,1,90350
6,1196,2,12354,8,3,1,110000
10,2402,3,15431,5,2,1,555000
4,1440,0,12108,4,4,2,118000
5,1573,2,6240,7,3,1,162900
7,1258,3,3922,5,2,1,172500
7,1908,2,8750,5,4,1,210000
6,1689,2,9855,5,3,1,127500
6,1888,2,16492,6,2,1,190000
7,1886,2,11214,5,4,1,199900
6,1376,1,8600,6,3,1,119500
3,1183,1,6000,7,2,1,120000
6,813,1,5684,8,2,1,110000
7,1533,2,70761,5,2,1,280000
6,1756,2,9303,5,3,1,204000
8,1590,2,9000,5,3,1,210000
5,1728,2,9297,5,4,2,188000
7,1242,2,9600,6,3,1,175500
5,1344,3,4571,5,4,1,98000
4,1663,2,53227,6,2,1,256000
8,1666,1,5100,7,3,1,161000
5,1203,1,7015,4,3,1,110000
8,1935,2,8004,5,3,1,263435
7,1135,2,7200,9,3,1,155000
5,864,1,8281,5,3,1,62383
6,1660,1,11988,7,3,1,188700
5,1040,0,8430,5,3,1,124000
7,1414,2,3072,5,2,1,178740
7,1277,2,10628,5,2,1,167000
5,1644,1,9480,7,3,1,146500
8,1634,3,11428,5,3,1,250000
6,1710,2,9291,5,3,1,187000
8,1502,2,6820,5,1,1,212000
7,1969,2,11952,6,3,1,190000
6,1072,2,3675,5,2,1,148000
8,1976,3,14977,5,2,1,440000
8,1652,2,5330,5,2,1,251000
5,970,2,8480,6,2,1,132500
6,1493,2,13125,5,3,1,208900
9,2643,3,13693,5,3,1,380000
8,1718,3,10637,5,3,1,297000
4,1131,2,5925,7,2,1,89471
9,1850,3,16033,5,3,1,326000
9,1792,3,11846,5,2,1,374000
7,1826,1,2500,8,4,1,155000
6,1216,2,4500,5,2,1,164000
5,999,1,7758,7,3,1,132500
5,1113,1,9600,7,3,1,147000
5,1073,2,10289,7,3,1,156000
5,1484,2,12243,6,3,1,175000
5,2414,2,10800,4,3,2,160000
4,630,1,1526,8,1,1,86000
5,1304,1,2665,6,3,1,115000
6,1578,1,9490,7,3,1,133000
6,1456,2,15578,5,3,1,172785
5,1269,1,7931,6,3,1,155000
5,886,1,5784,8,2,1,91300
4,720,0,7879,5,2,1,34900
8,3228,2,12692,5,4,1,430000
7,1820,1,9120,6,4,1,184000
5,899,1,7800,7,3,1,130000
5,912,1,7535,7,2,1,120000
6,1218,1,1890,5,3,1,113000
7,1768,2,9803,5,3,1,226700
5,1214,2,9170,7,2,1,140000
7,1801,2,15602,8,1,1,289000
6,1322,2,2308,5,3,1,147000
5,1960,2,7596,5,4,2,124500
8,1911,2,9554,5,3,1,215000
6,1218,2,7862,5,2,1,208300
7,1378,2,9600,9,3,1,161000
5,1041,1,9600,6,3,1,124500
5,1363,1,14559,7,2,1,164900
7,1368,2,6792,5,2,1,202665
5,864,2,9100,5,3,1,129900
6,1080,2,9187,5,3,1,134000
5,789,1,10594,5,2,1,96500
10,2020,3,12220,5,3,1,402861
6,2119,2,10448,6,3,1,158000
7,2344,3,10208,5,3,1,265000
6,1796,2,9531,5,3,1,211000
7,2080,1,10918,9,3,1,234000
4,1294,0,10800,7,3,2,106250
6,1244,1,11988,6,3,1,150000
6,1664,2,5000,7,3,1,159000
10,4676,3,40094,5,3,1,184750
7,2398,3,11787,5,3,1,315750
7,1266,2,7500,5,3,1,176000
5,928,1,13300,7,2,1,132000
9,2713,3,14948,5,3,1,446261
4,605,0,9098,7,2,1,86000
6,2515,2,32668,3,4,2,200624
6,1509,2,10200,5,3,1,175000
6,1362,2,6155,8,3,1,128000
5,827,1,7200,7,2,1,107500
1,334,0,5000,3,1,1,39300
8,1414,2,9056,5,3,1,178000
5,1347,0,7000,7,3,1,107500
7,1724,2,8924,5,3,1,188000
4,864,2,12735,5,3,1,111250
5,1159,1,11553,5,3,1,158000
8,1601,2,11423,5,3,1,272000
9,1838,3,14601,5,2,1,315000
8,2285,3,11000,5,4,1,248000
7,1680,2,10140,5,3,1,213250
7,767,1,4058,5,1,1,133000
7,1496,2,17104,5,3,1,179665
7,2183,3,13837,5,4,1,229000
6,1635,2,8737,7,3,1,210000
5,768,2,7244,7,2,1,129500
5,825,2,8235,7,2,1,125000
7,2094,2,9375,5,4,1,263000
6,1069,2,4043,6,2,1,140000
5,928,1,6000,6,3,1,112500
8,1717,3,11146,5,3,1,255500
4,1126,2,8777,5,2,1,108000
7,2046,3,10625,5,3,1,284000
5,1048,1,6380,6,2,1,113000
5,1092,1,14850,5,2,1,141000
4,1336,1,11040,6,3,1,108000
7,1446,2,21872,5,3,1,175000
7,1557,2,3196,5,2,1,234000
5,1392,2,11341,6,3,1,121500
5,1389,2,10010,5,2,1,170000
5,996,0,13907,6,3,1,108000
6,1674,2,21780,7,4,1,185000
7,2295,2,13346,5,4,1,268000
6,1647,1,6858,4,4,1,128000
9,2504,3,11198,5,4,1,325000
7,1535,2,10171,5,3,1,214000
8,2132,2,12327,8,1,1,316600
5,943,2,7032,5,2,1,135960
5,1728,2,13101,5,6,2,142600
6,864,1,7332,6,2,1,120000
7,1692,2,13159,5,3,1,224500
7,1430,2,9967,5,3,1,170000
5,1109,1,10500,7,3,1,139000
5,1216,1,8480,5,2,1,118500
7,1477,1,6292,7,3,1,145000
5,1320,2,11777,6,3,1,164500
7,1392,2,3604,5,2,1,146000
5,1795,1,12150,5,4,1,131500
6,1429,2,14585,6,3,1,181900
8,2042,3,12704,5,3,1,253293
6,816,0,11841,5,3,1,118500
10,2775,2,13500,9,3,1,325000
4,1573,1,6120,7,3,1,133000
8,2028,3,11443,5,2,1,369900
6,838,1,10267,7,2,1,130000
5,860,2,8740,6,2,1,137000
5,1473,1,25095,8,1,1,143000
5,935,1,9100,6,2,1,79500
7,1582,2,8320,5,3,1,185900
10,2296,3,13478,5,3,1,451950
5,816,2,6600,8,2,1,138000
6,848,2,4435,5,1,1,140000
5,924,1,7990,6,3,1,110000
8,1826,3,11302,5,3,1,319000
6,1368,1,3600,7,3,1,114504
7,1402,3,3922,5,2,1,194201
5,1647,2,12984,6,3,1,217500
6,1556,2,1950,6,3,1,151000
8,1904,2,10927,5,3,1,275000
6,1375,1,9000,6,3,1,141000
8,1915,2,10041,5,3,1,220000
7,1200,2,3182,5,2,1,151000
7,1494,2,12803,5,3,1,221000
7,1986,2,13600,6,3,1,205000
5,1040,2,12464,5,3,1,152000
5,2008,1,7800,8,3,1,225000
8,3194,2,12168,6,4,1,359100
4,1029,1,7943,5,3,1,118500
9,2153,3,11050,5,3,1,313000
6,1032,2,10395,6,3,1,148000
8,1872,2,11885,5,3,1,261500
5,1120,0,8402,5,3,1,147000
4,630,0,1491,6,1,1,75500
6,1054,2,8800,7,3,1,137500
6,1509,2,7861,5,3,1,183200
6,832,2,7227,6,2,1,105500
9,1828,3,11694,5,3,1,314813
8,2262,3,12244,5,4,1,305000
3,864,0,8248,3,2,1,67000
6,2614,2,10800,7,4,1,240000
5,980,2,7064,6,3,1,135000
6,1512,2,2117,5,2,1,168500
6,1790,2,10400,5,4,1,165150
6,1116,2,10000,6,3,1,160000
5,1422,1,12342,5,3,1,139900
6,1520,1,9600,6,3,1,153000
5,2080,2,11606,5,5,1,135000
6,1350,2,9020,5,3,1,168500
5,1750,1,9000,6,3,1,124000
8,1554,2,4590,5,2,1,209500
7,1411,2,11900,5,3,1,82500
5,1056,1,9250,7,3,1,139400
6,1056,2,6979,5,0,2,144000
6,3395,0,10896,7,8,2,200000
2,800,0,6120,3,1,1,60000
5,1387,1,6000,4,3,2,93000
5,796,0,8777,7,2,1,85000
8,1567,3,3982,5,1,1,264561
8,1518,2,12677,5,1,1,274000
7,1929,2,7050,5,3,1,226000
8,2704,2,13860,7,4,1,345000
5,1620,2,10793,5,4,1,152000
9,1766,3,9187,5,2,1,370878
6,981,2,10530,5,3,1,143250
5,1048,2,7200,5,3,1,98300
6,1094,2,10452,5,3,1,155000
6,1839,2,7700,5,4,1,155000
4,630,0,1936,6,1,1,84500
7,1665,2,8125,6,3,1,205950
4,1510,1,9084,5,4,1,108000
7,1716,2,8750,5,2,1,191000
6,1469,1,10320,7,3,1,135000
8,2113,3,10437,6,2,1,350000
6,1092,1,1680,5,3,1,88000
5,1053,1,10007,7,3,1,145500
7,1502,1,7200,6,3,1,149000
6,1458,1,17503,5,3,1,97500
5,1486,2,9937,7,3,1,167000
7,1935,2,12384,7,3,1,197900
8,2448,3,46589,7,4,1,402000
6,1392,2,13560,3,2,1,110000
4,1181,2,10012,5,3,1,137500
8,2097,3,20896,5,1,1,423000
8,1936,2,11194,5,3,1,230500
6,2380,2,18450,5,3,1,129000
6,1679,2,8125,5,3,1,193500
5,1437,2,14175,6,3,1,168000
4,1180,1,11600,5,2,1,137500
6,1476,2,8633,5,3,1,173500
6,1369,1,6629,6,3,1,103600
6,1208,2,11250,6,3,1,165000
6,1839,2,14442,7,3,1,257500
6,1136,1,9200,6,3,1,140000
6,1441,2,2289,6,3,1,148500
4,1774,3,9600,2,4,2,87000
5,792,1,9022,8,2,1,109500
8,2046,3,11844,5,3,1,372500
5,988,2,9945,5,3,1,128500
6,923,1,8012,5,2,1,143000
5,1520,1,4500,5,3,1,159434
6,1291,2,2887,5,2,1,173000
9,1668,3,11248,5,3,1,285000
7,1839,2,16770,5,4,1,221000
7,2090,2,5062,5,3,1,207500
7,1761,2,10207,6,3,1,227875
7,1102,2,5105,5,2,1,148800
8,1419,2,8089,6,2,1,392000
6,1362,2,7577,5,2,1,194700
6,848,2,4426,5,1,1,141000
10,4316,3,21535,6,4,1,755000
7,2519,2,26178,5,4,1,335000
5,1073,1,5400,6,2,1,108480
5,1539,2,6120,6,3,1,141500
6,1137,2,13811,6,2,1,176000
5,616,1,6000,7,2,1,89000
5,1148,1,6420,7,2,1,123500
5,894,1,8450,8,3,1,138500
7,1391,2,4282,5,2,1,196000
8,1800,3,14331,5,3,1,312500
7,1164,2,9600,5,3,1,140000
8,2576,3,12438,5,4,1,361919
5,1812,2,7630,9,4,2,140000
7,1484,2,8400,5,3,1,213000
4,1092,0,5600,5,3,2,55000
7,1824,2,115149,5,2,1,302000
8,1324,2,6240,5,2,1,254000
7,1456,2,9018,5,3,1,179540
5,904,1,7162,7,3,1,109900
3,729,0,4130,6,2,1,52000
4,1178,1,8712,7,2,1,102776
8,1228,2,4671,5,2,1,189000
4,960,2,9873,5,3,1,129000
6,1479,2,13517,8,3,1,130500
6,1350,2,10140,5,3,1,165000
7,2554,2,10800,8,3,1,159500
5,1178,2,10000,6,3,1,157000
7,2418,3,10542,5,3,1,341000
5,971,1,9920,6,3,1,128500
8,1742,2,6563,5,2,1,275000
6,848,2,4426,5,1,1,143000
4,864,2,8120,7,3,1,124500
4,1470,1,8172,6,4,1,135000
9,1698,3,13286,5,3,1,320000
4,864,2,6960,6,3,1,120500
6,1680,2,21695,9,3,1,222000
7,1232,2,7314,5,2,1,194500
5,1776,3,11475,5,4,2,110000
4,1208,2,6240,5,2,1,103000
8,1616,2,5389,5,2,1,236500
7,1146,2,9590,5,3,1,187500
7,2031,2,11404,5,3,1,222500
5,1144,1,10000,6,3,1,131400
5,948,1,8978,5,3,1,108000
7,1768,2,10800,7,2,1,163000
3,1040,2,8544,4,2,2,93500
8,1801,3,10463,5,3,1,239900
5,1200,0,10800,5,3,1,179000
7,1728,2,9313,5,3,1,190000
5,1432,2,9600,7,2,1,132000
6,912,1,6768,8,3,1,142000
7,1349,2,8450,5,3,1,179000
5,1464,2,12886,6,3,1,175000
8,1337,2,5395,5,2,1,180000
8,2715,2,8963,9,4,1,299800
7,2256,2,8795,5,4,1,236000
7,2640,4,11700,7,4,1,265979
7,1720,2,10593,5,3,1,260400
4,1529,1,8405,3,4,1,98000
4,1140,0,8800,7,3,1,96500
7,1320,2,7750,5,3,1,162000
6,1494,2,9236,5,3,1,217000
8,2098,3,10240,5,3,1,275500
6,1026,2,7930,8,3,1,156000
6,1471,2,3230,5,3,1,172500
8,1768,2,10769,5,3,1,212000
6,1386,2,11616,5,3,1,158900
7,1501,2,2280,5,3,1,179400
8,2531,3,12257,5,4,1,290000
6,864,1,9100,6,2,1,127500
5,1301,2,6911,5,2,1,100000
7,1547,2,8640,5,3,1,215200
8,2365,3,9430,5,3,1,337000
8,1494,2,9549,5,2,1,270000
9,1506,2,14587,5,2,1,264132
7,1714,2,10421,5,3,1,196500
6,1750,1,12508,7,4,1,160000
7,1836,2,9100,5,3,1,216837
8,3279,3,53504,5,4,1,538000
5,858,2,7252,5,2,1,134900
4,1220,2,8877,5,2,1,102000
6,1117,2,7819,5,3,1,107000
5,912,1,10150,5,2,1,114500
8,1973,3,14226,5,3,1,395000
6,1204,2,4500,5,2,1,162000
7,1614,3,11210,5,3,1,221500
5,894,2,13350,5,3,1,142500
5,2020,2,8400,5,4,2,144000
6,1004,2,10530,5,2,1,135000
7,1253,2,7875,5,3,1,176000
6,1603,2,7153,5,3,1,175900
7,1430,2,16285,5,3,1,187100
5,1110,2,9101,6,1,1,165500
6,1484,0,6300,6,3,1,128000
6,1342,2,9790,5,3,1,161500
5,1652,1,10800,6,4,1,139000
7,2084,2,10142,5,4,1,233000
4,901,1,6000,7,2,1,107900
6,2087,2,12205,8,5,1,187500
7,1145,2,3182,5,2,1,160200
6,1062,2,11333,5,3,1,146800
7,2013,2,9920,5,3,1,269790
8,1496,2,9158,5,3,1,225000
7,1895,2,10832,5,3,1,194500
6,1564,2,8400,6,3,1,171000
6,1285,2,8197,5,3,1,143500
5,773,1,7677,5,2,1,110000
9,3140,3,13518,5,4,1,485000
5,1768,1,7200,7,3,1,175000
6,1688,2,12798,5,4,1,200000
4,1196,2,4800,7,2,1,109900
7,1456,2,8199,5,3,1,189000
9,2822,3,13891,5,4,1,582933
5,1128,1,9000,5,2,1,118000
7,1428,2,12274,5,3,1,227680
5,980,1,9750,5,3,1,135500
5,1576,2,21384,6,3,1,223500
5,1086,2,13400,5,3,1,159950
5,2138,2,8100,5,2,3,106000
6,1309,2,10140,6,3,1,181000
6,848,2,4438,5,1,1,144500
5,1044,2,8712,5,2,1,55993
6,1442,1,9750,6,4,1,157900
5,1250,1,8248,7,3,1,116000
7,1661,2,12137,5,3,1,224900
5,1008,1,11425,6,2,1,137000
8,1689,3,13265,5,3,1,271000
6,1052,2,8816,7,3,1,155000
7,1358,2,6371,5,2,1,224000
7,1640,2,7226,5,3,1,183000
4,936,2,6000,4,2,1,93000
7,1733,2,12394,5,3,1,225000
6,1489,1,9900,7,3,1,139500
8,1489,2,11216,5,3,1,232600
10,2084,3,14803,5,2,1,385000
5,784,0,6130,6,2,1,109500
7,1434,2,8529,5,3,1,189000
5,2126,2,28698,5,3,1,185000
7,1223,2,2544,5,2,1,147400
6,1392,2,11900,5,3,1,166000
7,1200,2,3180,5,2,1,151000
7,1829,2,9548,6,3,1,237000
6,1516,2,10004,6,3,1,167000
5,1144,2,7875,6,3,1,139950
4,1067,2,9600,7,2,1,128000
5,1559,2,8100,6,2,1,153500
6,987,1,1680,5,2,1,100000
5,1099,1,9525,6,3,1,144000
5,1200,1,11767,6,3,1,130500
6,1482,1,12155,8,4,1,140000
5,1539,2,10440,8,3,1,157500
6,1165,2,9020,7,3,1,174900
5,1800,0,8000,4,6,2,141000
5,1416,3,12665,8,4,1,153900
5,1701,2,16647,5,3,1,171000
7,1775,2,9317,5,3,1,213000
5,864,1,15523,6,3,1,133500
6,2358,2,45600,8,5,1,240000
6,1855,2,9600,7,3,1,187000
6,848,2,4435,5,1,1,131500
8,1456,2,3196,5,2,1,215000
7,1646,1,7128,5,4,1,164000
6,1445,2,12095,6,3,1,158000
5,1779,2,17920,4,3,1,170000
5,1040,1,6897,8,3,1,127000
6,1026,2,10970,6,3,1,147000
6,1481,2,8125,5,3,1,174000
7,1370,2,10400,5,3,1,152000
6,2654,2,11029,7,4,1,250000
7,1426,1,7642,8,3,1,189950
5,1039,2,11625,4,3,1,131500
6,1097,2,9672,5,3,1,152000
5,1148,1,7931,5,3,1,132500
7,1372,2,8640,5,3,1,250580
5,1002,2,8750,6,3,1,148500
8,1646,3,10656,5,3,1,248900
4,1120,2,6970,5,3,1,129000
5,2320,2,14762,6,2,1,169000
7,1949,2,9938,5,3,1,236000
5,894,1,6600,5,2,1,109500
6,1682,2,8750,5,3,1,200500
5,910,2,8892,7,3,1,116000
5,1268,1,12144,7,3,1,133000
5,1131,1,5720,6,3,1,66500
8,2610,2,9000,5,4,1,303477
4,1040,2,25286,5,3,1,132250
9,2224,3,8834,5,4,1,350000
5,1155,2,11782,7,3,1,148000
5,864,1,7000,8,3,1,136500
5,1090,2,7024,5,2,1,157000
7,1717,2,13758,5,3,1,187500
6,1593,2,9636,5,3,1,178000
4,2230,1,6204,5,5,1,118500
5,892,1,7150,5,3,1,100000
9,1709,2,5119,5,2,1,328900
5,1712,2,8393,5,4,2,145000
5,1393,1,16466,7,3,1,135500
8,2217,2,15865,6,4,1,268000
6,1505,2,12160,4,2,1,149500
5,924,2,8064,7,3,1,122900
6,1683,2,11184,5,3,1,172500
6,1068,1,8414,8,3,1,154500
5,1383,1,13284,5,3,1,165000
5,1535,2,7018,5,4,2,118858
6,1796,2,7056,5,4,1,140000
4,951,1,8765,6,2,1,106500
5,2240,2,7018,5,6,2,142953
9,2364,3,12919,5,2,1,611657
5,1236,1,6993,7,3,1,135000
4,858,1,7340,6,2,1,110000
5,1306,1,8712,7,2,1,153000
7,1509,2,7875,5,3,1,180000
7,1670,3,14859,5,3,1,240000
5,902,1,6173,6,3,1,125500
5,1063,1,9920,5,3,1,128000
8,1636,3,13501,5,3,1,255000
7,2057,1,11500,7,3,1,250000
5,902,2,8885,5,2,1,131000
6,1484,2,12589,5,3,1,174000
5,2274,2,11600,5,5,2,154300
5,1268,1,9286,7,3,1,143500
5,1015,1,6120,7,3,1,88000
5,2002,3,6270,6,4,2,145000
6,1224,2,3000,5,2,1,173733
4,1092,1,2001,5,3,1,75000
2,480,1,9000,3,1,1,35311
4,1229,1,17140,6,3,1,135000
7,2127,3,13125,5,4,1,238000
6,1414,2,11029,8,3,1,176500
6,1721,2,8462,5,3,1,201000
5,2200,0,8777,7,4,2,145900
6,1316,2,10237,5,3,1,169990
6,1617,2,8012,5,2,1,193000
6,1686,2,10240,6,3,1,207500
5,1126,2,15611,6,3,1,175000
8,2374,3,11999,5,4,1,285000
7,1978,2,9900,5,4,1,176000
8,1788,2,11838,5,3,1,236500
7,2236,2,13006,5,4,1,222000
8,1466,3,8925,5,3,1,201000
5,925,1,9100,6,2,1,117500
9,1905,3,11670,5,3,1,320000
7,1500,2,8487,5,3,1,190000
7,2069,2,27650,7,4,1,242000
4,747,2,5825,5,1,1,79900
7,1200,2,10083,5,2,1,184900
7,1971,2,9675,5,3,1,253000
7,1962,3,8760,5,3,1,239799
7,2403,1,24090,7,4,1,244400
6,1728,2,12640,5,4,2,150900
7,2060,2,8755,5,3,1,214000
4,1440,0,7711,3,4,2,150000
5,1632,2,25000,4,4,2,143000
6,1344,2,14375,6,3,1,137500
5,1869,2,8820,6,2,1,124900
5,1144,1,8163,6,3,1,143000
8,1629,3,14536,5,3,1,270000
7,1776,2,14006,5,3,1,192500
6,1381,2,9360,7,3,1,197500
5,864,2,7200,8,3,1,129000
5,965,1,7800,5,3,1,119900
5,768,1,7200,8,2,1,133900
5,1968,2,11075,4,4,1,172000
6,980,0,9400,5,4,0,127500
6,1958,2,7136,6,4,2,145000
6,1229,2,1300,6,2,1,124000
5,1057,2,7420,5,3,1,132000
7,1337,2,8450,5,3,1,185000
7,1416,2,2572,5,3,1,155000
5,858,0,7207,7,2,1,116500
6,2872,2,12227,7,4,1,272000
6,1548,2,2308,6,3,1,155000
9,1800,2,11923,5,2,1,239000
7,1894,2,11316,5,4,1,214900
6,1484,2,10237,5,3,1,178900
5,1308,1,9600,7,2,1,160000
5,1098,1,7390,7,3,1,135000
3,968,0,5925,6,2,1,37900
6,1095,1,10382,5,2,1,140000
4,1192,0,10800,4,4,1,135000
7,1626,2,2268,5,2,1,173000
6,918,1,7892,5,2,1,99500
7,1428,2,11639,5,3,1,182000
7,2019,2,11414,8,3,1,167500
7,1382,2,2651,5,3,1,165000
4,869,0,5900,7,2,1,85500
7,1241,2,4274,5,1,1,199900
4,894,2,9450,5,3,1,110000
5,1121,2,8816,6,3,1,139000
7,999,2,12122,9,3,1,178400
8,2612,3,12203,5,4,1,336000
7,1266,2,3182,5,2,1,159895
8,2290,2,11250,5,4,1,255900
5,1734,2,10125,5,4,2,126000
5,1164,1,10880,5,3,1,125000
6,1635,1,5310,8,2,1,117000
9,1940,3,10159,5,3,1,395192
6,2030,2,12046,6,4,1,195000
7,1576,2,8125,5,3,1,197000
8,2392,3,9452,5,3,1,348000
8,1742,2,17671,9,4,1,168000
6,1851,2,9760,8,3,1,187000
6,1500,2,8846,5,3,1,173900
10,1718,3,12456,5,3,1,337500
4,1230,1,4712,7,3,1,121600
5,1050,1,10659,6,3,1,136500
6,1442,2,11717,6,2,1,185000
3,1077,1,9786,4,3,1,91000
7,1208,2,6762,5,2,1,206000
3,944,2,10206,3,2,1,82000
5,691,1,5400,6,2,1,86000
8,1574,3,11957,5,3,1,232000
5,1680,2,11500,6,4,2,136905
7,1504,2,3182,5,1,1,181000
5,985,1,8385,8,3,1,149900
6,1657,2,12155,3,3,1,163500
4,1092,1,2217,4,3,1,88000
7,1710,2,12118,5,3,1,240000
5,1522,0,6000,5,4,1,102000
5,1271,1,21286,5,4,1,135000
5,1664,0,9825,5,4,2,100000
6,1502,1,10592,7,3,1,165000
5,1022,1,7200,4,2,1,85000
6,1082,1,11664,5,2,1,119200
8,1665,2,8400,6,3,1,227000
7,1504,2,11883,5,3,1,203000
8,1360,2,5814,5,1,1,187500
7,1472,2,10784,5,3,1,160000
7,1506,2,3013,5,2,1,213490
4,1132,2,7024,5,2,1,176000
7,1220,2,7406,5,2,1,194000
5,1248,1,9439,5,2,1,87000
7,1504,2,3182,5,2,1,191000
8,2898,2,15498,6,2,1,287000
5,882,2,7700,5,3,1,112500
5,1264,2,9300,5,3,1,167500
8,1646,3,9520,5,3,1,293077
5,1376,1,9492,5,3,1,105000
6,1218,1,1680,7,3,1,118000
5,1928,0,7082,8,5,2,160000
7,3082,2,15863,3,5,1,197000
8,2520,3,14541,7,5,1,310000
7,1654,3,8125,5,3,1,230000
5,954,1,6305,7,2,1,119750
4,845,1,11500,3,3,1,84000
9,1620,3,12898,5,2,1,315500
8,2263,2,9240,5,3,1,287000
4,1344,0,1533,6,3,1,97000
4,630,1,1477,4,1,1,80000
5,1803,2,13125,4,3,1,155000
6,1632,2,9130,8,4,1,173000
6,1306,2,5381,5,1,1,196000
7,2329,2,11839,5,4,1,262280
8,2524,2,9600,5,4,1,278000
3,1733,2,13680,5,4,1,139600
9,2868,3,16056,5,4,1,556581
5,990,2,9245,5,3,1,145000
5,1771,2,21750,4,3,1,115000
4,930,1,11100,7,2,1,84900
7,1302,2,8993,5,3,1,176485
7,1316,2,11175,5,3,1,200141
6,1977,2,9500,6,4,1,165000
5,1526,1,8562,6,4,1,144500
8,1989,2,11367,5,3,1,255000
6,1523,2,11361,5,3,1,180000
7,1364,2,7052,5,2,1,185850
7,1850,2,29959,6,3,1,248000
9,2184,3,11308,5,3,1,335000
6,1991,2,11275,7,3,1,220000
8,1338,2,4920,5,2,1,213500
3,894,3,18000,4,2,1,81000
5,2337,2,13600,5,5,2,90000
6,1103,2,6000,6,2,1,110500
5,1154,2,11000,6,3,1,154000
7,2260,2,14000,5,3,1,328000
6,1571,2,7837,7,3,1,178000
6,1611,2,9760,6,4,1,167900
6,2521,2,3964,4,5,1,151400
5,893,2,9600,7,2,1,135000
5,1048,1,10152,5,3,1,135000
6,1556,2,11700,6,4,1,154000
5,1456,1,7585,3,4,1,91500
6,1426,2,7950,6,3,1,159500
7,1240,3,8556,5,2,1,194000
7,1740,1,13125,6,3,1,219500
5,1466,2,10800,8,3,1,170000
5,1096,1,15870,5,3,1,138800
6,848,2,4435,5,1,1,155900
5,990,1,8775,5,3,1,126000
6,1258,2,11040,7,3,1,145000
5,1040,1,7500,5,3,1,133000
7,1459,2,8749,5,3,1,192000
6,1251,1,8800,6,3,1,160000
6,1498,2,13031,5,3,1,187500
6,996,2,9069,6,2,1,147000
4,1092,1,1974,5,3,1,83500
8,1953,3,10574,5,3,1,252000
7,1709,2,2522,5,3,1,137500
8,1247,2,3316,5,1,1,197000
3,1040,2,8544,4,2,2,92900
7,1252,2,2160,5,2,1,160000
6,1694,2,8400,5,4,1,136500
5,1200,2,9230,8,1,1,146000
5,936,1,5868,7,2,1,129000
6,1314,2,9317,5,3,1,176432
6,1355,0,6882,7,3,1,127000
8,1088,2,3696,5,2,1,170000
4,1324,1,6000,6,3,1,128000
7,1601,2,11880,5,3,1,157000
2,438,1,8400,5,1,1,60000
5,950,1,9758,5,3,1,119500
5,1134,1,7000,7,2,1,135000
6,1194,2,8910,6,3,1,159500
5,1302,2,2016,5,3,1,106000
8,2622,2,12256,5,3,1,325000
7,1442,2,10357,5,3,1,179900
7,2021,2,23257,5,3,1,274725
6,1690,2,8063,5,3,1,181000
8,1836,3,11362,5,3,1,280000
6,1658,2,8000,5,3,1,188000
7,1964,2,10480,6,4,1,205000
5,816,1,7100,7,2,1,129900
5,1008,1,8923,7,2,1,134500
5,833,1,5400,7,2,1,117000
8,1734,3,12085,5,3,1,318000
8,1419,2,7750,5,3,1,184100
5,894,2,9764,7,3,1,130000
5,1601,1,13825,6,3,1,140000
5,1040,1,7560,5,3,1,133700
6,1012,1,8263,5,2,1,118400
7,1552,3,10084,5,3,1,212900
4,960,1,8926,3,3,1,112000
5,698,0,9405,9,2,1,118000
7,1482,2,9125,5,3,1,163900
4,1005,2,10434,5,2,1,115000
7,1555,3,3684,5,2,1,174000
7,1530,3,14572,5,3,1,259000
7,1959,2,11796,5,4,1,215000
5,936,2,7200,5,2,1,140000
4,1981,2,7804,3,4,1,135000
5,974,0,10712,5,3,1,93500
6,2210,1,9900,4,5,1,117500
8,2020,2,9828,5,3,1,239500
6,1600,2,8773,5,3,1,169000
6,986,1,6180,5,2,1,102000
6,1252,1,9600,5,3,1,119000
5,1020,0,6342,8,2,1,94000
6,1567,2,9819,5,2,1,196000
5,1167,2,8731,5,3,1,144000
5,952,2,7350,7,2,1,139000
5,1868,2,10304,7,4,1,197500
8,2828,3,9965,5,4,1,424870
5,1006,0,9000,3,3,1,80000
4,924,1,12180,4,2,1,80000
5,1576,1,6240,6,3,1,149000
6,1298,2,11200,5,3,1,180000
7,1564,1,12000,7,3,1,174500
7,1111,1,5700,7,2,1,116900
7,1482,2,9000,9,3,1,143000
6,932,1,8280,5,2,1,124000
5,1466,2,17755,4,3,1,149900
6,1811,2,14115,7,2,1,230000
6,816,1,5890,8,2,1,120500
7,1820,2,13700,6,4,1,201800
5,1437,2,10768,8,3,1,218000
5,1265,2,9350,8,3,1,179900
7,1314,2,5001,5,2,1,230000
8,1580,3,11932,5,3,1,235128
6,1876,2,9120,6,4,1,185000
6,1456,2,2280,5,3,1,146000
6,1640,2,14778,7,3,1,224000
5,894,2,8724,5,3,1,129000
4,1258,2,12900,4,0,2,108959
5,1432,2,16157,7,2,1,194000
7,1502,2,9541,5,3,1,233170
8,1694,3,10475,5,3,1,245350
6,1671,2,10852,5,3,1,173000
6,2108,2,13728,7,4,1,235000
10,3627,3,35760,5,4,1,625000
6,1118,1,9880,6,3,1,171000
6,1261,2,9120,6,3,1,163000
7,1250,2,4017,5,2,1,171900
5,3086,0,18030,6,3,1,200500
6,2345,2,16560,8,4,1,239000
8,2872,2,10678,5,4,1,285000
5,923,1,6951,5,3,1,119500
6,1224,1,3950,8,3,1,115000
5,1343,1,7681,6,3,1,154900
5,1124,0,8335,5,3,1,93000
7,2514,2,11170,5,4,1,250000
8,1652,2,5587,5,2,1,392500
10,4476,3,15623,5,4,1,745000
5,1130,2,10800,6,2,1,120000
5,1572,3,35133,4,3,1,186700
5,1221,1,9738,7,4,1,104900
3,1699,2,10615,5,3,2,95000
8,1624,3,12461,5,2,1,262000
7,1660,2,8935,5,3,1,195000
7,1804,2,7500,5,3,1,189000
4,1622,4,32463,4,3,1,168000
8,1441,2,2645,5,2,1,174000
5,1472,1,9600,8,3,1,125000
6,1224,2,4500,5,2,1,165000
6,1352,1,9364,7,4,1,158000
6,1456,2,8029,5,3,1,176000
7,1863,3,14054,5,4,1,219210
7,1690,1,8850,6,3,1,144000
7,1212,2,9100,5,3,1,178000
4,1382,2,11235,5,3,1,148000
4,864,1,9353,5,3,1,116050
7,1779,2,10400,5,3,1,197900
5,1348,1,6000,8,3,1,117000
7,1630,2,9750,5,3,1,213000
5,1074,2,10140,6,3,1,153500
7,2196,3,14684,7,3,1,271900
4,1056,1,8900,4,2,1,107000
6,1700,2,9135,5,3,1,200000
5,1283,2,7763,7,3,1,140000
8,1660,2,10182,5,3,1,290000
6,1845,2,11218,5,3,1,189000
8,1752,2,12134,7,4,1,164000
4,672,1,9340,6,2,1,113000
4,960,1,10246,9,0,1,145000
5,999,1,10205,5,3,1,134500
5,894,1,7094,5,3,1,125000
6,1902,2,8930,5,4,2,112000
8,1314,2,8640,5,3,1,229456
4,912,0,6240,5,2,1,80500
6,1218,0,1680,5,3,1,91500
5,912,1,7800,5,2,1,115000
5,1211,1,8250,5,3,1,134000
6,1846,1,10496,6,3,1,143000
5,2136,2,10680,3,4,1,137900
7,1490,2,15384,5,3,1,184000
6,1138,1,10482,8,3,1,145000
6,1933,3,14598,5,4,1,214000
5,912,2,8872,8,2,1,147000
9,1702,3,8769,5,1,1,367294
5,1507,1,7910,5,4,1,127000
5,2620,2,18890,5,4,2,190000
5,1190,2,7728,6,3,1,132500
4,1224,2,9842,5,2,2,101800
5,1188,2,12160,5,3,1,142000
5,1964,0,8525,6,4,1,130000
5,1784,1,13132,5,4,1,138887
7,1626,2,2628,5,2,1,175500
7,1948,2,12393,5,4,1,195000
6,1141,2,13072,5,3,1,142500
8,1484,2,9037,5,2,1,265900
7,1768,2,8158,5,3,1,224900
7,1689,3,9849,6,3,1,248328
7,1173,2,10625,6,3,1,170000
10,2076,3,13891,5,2,1,465000
8,1517,2,11435,7,3,1,230000
6,1868,2,12090,7,3,1,178000
7,1553,2,8125,5,3,1,186500
6,1034,3,12328,5,3,1,169900
6,2058,2,9600,5,3,1,129500
5,988,1,7200,7,3,1,119000
7,2110,2,11160,5,3,1,244000
7,1405,2,3136,5,2,1,171750
5,874,1,9858,6,3,1,130000
7,2167,2,17542,7,3,1,294000
7,1656,2,6931,5,3,1,165400
6,1367,1,6240,6,3,1,127500
8,1987,2,14303,5,2,1,301500
5,864,0,4060,8,2,1,99900
7,1166,2,9587,5,2,1,190000
6,1054,2,9750,8,3,1,151000
6,1675,2,24682,5,3,1,181000
5,1050,1,9600,6,2,1,128900
4,1788,1,11250,5,5,1,161500
6,1824,2,13515,6,3,1,180500
6,1337,2,4060,5,2,1,181000
7,1452,2,3735,5,3,1,183900
7,1889,1,10120,4,4,2,122000
9,2018,3,13214,5,3,1,378500
8,3447,3,14100,9,4,1,381000
5,1524,1,11344,5,3,1,144000
7,1524,2,23595,6,0,1,260000
6,1489,2,9156,7,3,1,185750
5,935,1,13526,6,3,1,137000
6,1357,1,11512,7,2,1,177000
5,1250,2,5362,6,3,1,139000
5,1920,2,11345,5,4,2,137000
6,1395,2,12936,6,3,1,162000
6,1724,2,17871,5,3,1,197900
8,2031,2,9473,5,3,1,237000
4,1128,2,7500,4,2,1,68400
7,1573,2,9808,5,3,1,227000
7,1339,2,8049,5,2,1,180000
5,1040,2,8800,7,3,1,150500
6,1824,0,9400,5,4,2,139000
6,2447,1,9638,7,4,1,169000
6,1412,1,6000,6,4,1,132500
6,1328,2,9790,5,3,1,143000
5,1582,2,36500,5,4,1,190000
8,1659,2,5664,5,2,1,278000
8,1970,3,11065,5,3,1,281000
5,1152,2,14112,7,3,1,180500
5,1302,1,1680,7,3,1,119500
5,2372,1,6600,4,4,2,107500
7,1664,2,10140,5,4,1,162900
5,864,2,8172,7,2,1,115000
5,1052,1,8400,5,3,1,138500
5,1128,2,8700,6,3,1,155000
6,1072,2,3675,5,2,1,140000
10,5642,2,63887,5,3,1,160000
5,1246,1,7500,7,3,1,154000
7,1983,2,10762,5,3,1,225000
6,1494,1,7500,7,3,1,177500
8,2526,3,10120,5,4,1,290000
7,1616,3,8688,5,3,1,232000
7,1708,2,3363,5,3,1,130000
9,1652,2,13173,5,2,1,325000
7,1368,2,6955,5,2,1,202500
5,990,2,8072,5,3,1,138000
5,1122,2,12000,7,2,1,147000
6,1294,2,7153,5,3,1,179200
7,1902,2,17500,8,3,1,335000
7,1274,2,8814,5,3,1,203000
8,2810,2,9572,5,4,1,302000
9,2599,3,14774,5,4,1,333168
4,948,1,8190,6,3,1,119000
6,2112,2,11075,5,4,1,206900
8,1630,3,10226,5,3,1,295493
7,1352,2,4230,5,2,1,208900
8,1787,3,14781,5,3,1,275000
4,948,1,10215,5,3,1,111000
6,1478,2,8400,3,3,1,156500
3,720,1,6627,6,2,1,72500
7,1923,2,10186,5,3,1,190000
4,708,0,5330,7,2,1,82500
8,1795,3,9986,5,2,1,147000
4,796,0,3636,4,2,1,55000
3,774,0,4270,6,3,1,79000
5,816,1,6600,9,3,1,130500
6,2792,2,10440,7,5,1,256000
7,1632,2,9084,5,3,1,176500
8,1588,3,10000,5,3,1,227000
5,954,2,10780,5,3,1,132500
4,816,1,8877,6,2,1,100000
5,1360,1,7200,6,2,1,125500
5,1365,2,2368,6,3,1,125000
6,1334,2,9650,5,2,1,167900
5,1656,2,9246,5,4,2,135000
4,693,0,4118,4,2,1,52500
7,1861,2,13450,5,3,1,200000
5,864,1,9560,7,3,1,128500
4,872,4,8294,5,3,1,123000
6,1114,2,13695,5,3,1,155000
8,2169,2,9375,5,3,1,228500
6,1913,2,7558,6,3,1,177000
7,1456,2,11103,5,3,1,155835
4,960,1,6000,4,2,1,108500
7,2156,2,20781,7,3,1,262500
8,1776,3,15306,5,3,1,283463
7,1494,2,16196,5,3,1,215000
8,2358,0,5250,5,4,1,122000
5,2634,4,11643,5,6,2,200000
6,1716,2,9247,6,4,1,171000
6,1176,2,6000,9,2,1,134900
8,3238,3,14720,5,4,1,410000
7,1865,3,10316,5,3,1,235000
7,1920,2,10192,6,4,1,170000
5,892,1,9477,5,3,1,110000
5,1078,2,12537,6,3,1,149900
6,1573,2,2117,5,3,1,177500
9,1980,3,16737,5,3,1,315000
5,2601,2,9842,6,4,1,189000
7,1530,2,16158,5,3,1,260000
4,1738,1,12513,4,4,1,104900
6,1412,2,8499,5,3,1,156932
7,1200,2,3180,5,2,1,144152
7,1674,2,7500,5,3,1,216000
7,1790,2,9179,5,3,1,193000
5,1475,1,2665,6,4,1,127000
6,848,2,4435,5,1,1,144000
8,1668,2,10635,5,3,1,232000
4,1374,1,5400,6,2,1,105000
6,1661,1,9600,6,3,1,165500
7,2097,2,9750,6,3,1,274300
10,2633,3,11400,5,2,1,466500
7,1958,3,10625,5,3,1,250000
8,1571,3,10991,5,3,1,239000
6,790,1,6292,5,2,1,91000
5,1604,2,10998,5,3,1,117000
6,987,1,1953,5,2,1,83000
5,1394,2,9735,5,3,1,167500
3,864,1,8212,3,2,1,58500
6,2117,2,12925,7,4,1,237500
7,1762,2,7200,7,4,1,157000
5,1416,2,25339,7,3,1,112000
6,1258,1,9060,5,2,1,105000
4,1154,1,5436,8,3,1,125500
7,2784,2,16692,5,5,1,250000
6,2526,1,8520,7,5,1,136000
9,1746,3,14892,5,3,1,377500
6,1218,2,6000,6,3,1,131000
7,1525,2,9100,5,3,1,235000
5,1584,3,8944,5,4,2,124000
5,900,1,7838,5,3,1,123000
6,1912,2,10800,7,3,2,163000
7,1500,3,4045,5,2,1,246578
8,2482,3,12665,5,4,1,281213
5,1687,2,57200,5,3,1,160000
5,1513,1,6120,8,4,1,137500
5,1904,1,7200,4,3,1,138000
6,1608,1,6171,6,3,1,137450
6,1158,1,6000,7,3,1,120000
6,1593,2,7415,5,3,1,193000
7,1294,2,6762,5,2,1,193879
8,1464,3,15256,5,3,1,282922
3,1214,3,10410,4,3,1,105000
8,1646,2,3842,5,2,1,275000
5,768,2,8445,7,2,1,133000
5,833,0,8780,5,3,1,112000
4,1363,2,7740,7,3,1,125500
7,2093,2,20544,6,3,1,215000
7,1840,2,12420,5,3,1,230000
6,1668,1,9600,8,3,1,140000
4,1040,2,7200,5,2,2,90000
8,1844,2,10994,5,2,1,257000
6,1848,2,13053,7,4,1,207000
7,1569,3,3635,5,1,1,175900
4,2290,2,11340,6,4,2,122500
8,2450,3,16545,5,3,1,340000
5,1144,1,9204,5,3,1,124000
6,1844,2,16381,5,3,1,223000
6,1416,2,11700,6,3,1,179900
6,1069,2,4043,5,2,1,127500
6,848,2,4435,5,1,1,136500
6,2201,2,19690,7,4,1,274970
5,1344,1,9503,5,2,1,144000
6,1252,2,10721,6,3,1,142000
7,2127,2,10944,5,3,1,271000
5,1558,1,10930,6,3,1,140000
5,804,1,7200,7,2,1,119000
6,1440,2,12546,7,3,1,182900
5,1838,2,21930,5,4,1,192140
6,958,2,4928,6,2,1,143750
4,968,1,10800,6,4,1,64500
6,1792,2,10261,5,3,1,186500
5,1126,2,17400,5,3,1,160000
6,1537,2,8400,9,3,1,174000
4,864,2,9000,6,3,1,120500
8,1932,3,12444,5,2,1,394617
6,1236,2,7407,7,2,1,149700
7,1725,2,11584,6,3,1,197000
6,2555,2,11526,7,3,1,191000
6,848,2,4426,5,1,1,149300
10,2007,3,11003,5,3,1,310000
6,952,1,8854,6,2,1,121000
7,1422,2,8500,5,3,1,179600
6,913,1,8400,5,3,1,129000
5,1188,1,26142,7,3,1,157900
8,2090,2,10000,5,3,1,240000
4,1346,1,11767,7,2,1,112000
5,630,0,1533,7,1,1,92000
5,1792,0,9000,5,4,2,136000
8,1578,3,9262,5,3,1,287090
5,1072,2,3675,5,2,1,145000
5,1140,0,17217,5,3,1,84500
7,1221,2,7500,5,2,1,185000
6,1647,2,7917,5,3,1,175000
6,2073,2,13175,6,3,1,210000
7,2340,1,9042,9,4,1,266500
5,1078,1,9717,6,2,1,142125
5,1256,1,9937,6,3,1,147500
